place_id,place_name,rating,lon,lat,label,hours,period,url
ChIJTc5cYe-rQjQRn5WvAvGWsTw,良石生活 finestone cafe & jewelry / Royalle Larry,4.5,121.567424,25.0344052,自助餐餐廳,"{1: [{'start': '11:00', 'end': '14:00'}, {'start': '14:30', 'end': '17:00'}, {'start': '17:30', 'end': '21:00'}], 2: [{'start': '11:00', 'end': '14:00'}, {'start': '14:30', 'end': '17:00'}, {'start': '17:30', 'end': '21:00'}], 3: [{'start': '11:00', 'end': '14:00'}, {'start': '14:30', 'end': '17:00'}, {'start': '17:30', 'end': '21:00'}], 4: [{'start': '11:00', 'end': '14:00'}, {'start': '14:30', 'end': '17:00'}, {'start': '17:30', 'end': '21:00'}], 5: [{'start': '11:00', 'end': '14:00'}, {'start': '14:30', 'end': '17:00'}, {'start': '17:30', 'end': '21:00'}], 6: [{'start': '11:00', 'end': '14:00'}, {'start': '14:30', 'end': '17:00'}, {'start': '17:30', 'end': '21:00'}], 7: [{'start': '11:00', 'end': '14:00'}, {'start': '14:30', 'end': '17:00'}, {'start': '17:30', 'end': '21:00'}]}",lunch,https://www.google.com/maps/place/?q=place_id:ChIJTc5cYe-rQjQRn5WvAvGWsTw
ChIJSz8EaAADaDQR2HvYUswRGpo,oh my 雞排 中和連城店,4.5,121.4808513,24.9952117,小食/零食吧,"{1: [{'start': '15:30', 'end': '00:00'}], 2: [{'start': '15:30', 'end': '00:00'}], 3: [{'start': '15:30', 'end': '00:00'}], 4: [{'start': '15:30', 'end': '00:00'}], 5: [{'start': '15:30', 'end': '00:00'}], 6: [{'start': '15:30', 'end': '00:00'}], 7: [{'start': '15:30', 'end': '00:00'}]}",lunch,https://www.google.com/maps/place/?q=place_id:ChIJSz8EaAADaDQR2HvYUswRGpo
ChIJE8c8CNurQjQRutDsVRu2S-0,十二燒 串酒館(延吉街)/東區最古老居酒屋,4.5,121.5536206,25.0435559,居酒屋,"{1: None, 2: [{'start': '17:00', 'end': '01:00'}], 3: [{'start': '17:00', 'end': '01:00'}], 4: [{'start': '17:00', 'end': '01:00'}], 5: [{'start': '17:00', 'end': '01:00'}], 6: [{'start': '17:00', 'end': '01:00'}], 7: [{'start': '17:00', 'end': '01:00'}]}",lunch,https://www.google.com/maps/place/?q=place_id:ChIJE8c8CNurQjQRutDsVRu2S-0
ChIJhwbwah-rQjQRlQVJgGpRbDs,Doki Poke 夏威夷蒸鮮飯 台大社科店,4.6,121.5423491,25.0208801,多國菜餐廳,"{1: [{'start': '11:00', 'end': '14:00'}, {'start': '16:30', 'end': '19:00'}], 2: [{'start': '11:00', 'end': '14:00'}, {'start': '16:30', 'end': '19:00'}], 3: [{'start': '11:00', 'end': '14:00'}, {'start': '16:30', 'end': '19:00'}], 4: [{'start': '11:00', 'end': '14:00'}, {'start': '16:30', 'end': '19:00'}], 5: [{'start': '11:00', 'end': '14:30'}], 6: None, 7: None}",lunch,https://www.google.com/maps/place/?q=place_id:ChIJhwbwah-rQjQRlQVJgGpRbDs
ChIJCflIW-GrQjQRmoYo2wuxQn8,維吾爾新疆傳統燒烤,4.6,121.5422416,25.0443383,燒烤餐廳,"{1: [{'start': '17:00', 'end': '01:00'}], 2: [{'start': '17:00', 'end': '01:00'}], 3: [{'start': '17:00', 'end': '01:00'}], 4: [{'start': '17:00', 'end': '01:00'}], 5: [{'start': '17:00', 'end': '01:00'}], 6: [{'start': '17:00', 'end': '01:00'}], 7: None}",lunch,https://www.google.com/maps/place/?q=place_id:ChIJCflIW-GrQjQRmoYo2wuxQn8
ChIJHWJMQEGoQjQRcXnb1GjMnCQ,9% 酒趴串燒Restaurant&Bar,4.7,121.4728356,25.0308172,酒吧扒房,"{1: [{'start': '18:00', 'end': '01:00'}], 2: [{'start': '18:00', 'end': '01:00'}], 3: [{'start': '18:00', 'end': '01:00'}], 4: [{'start': '18:00', 'end': '01:00'}], 5: [{'start': '18:00', 'end': '02:00'}], 6: [{'start': '18:00', 'end': '02:00'}], 7: [{'start': '18:00', 'end': '01:00'}]}",lunch,https://www.google.com/maps/place/?q=place_id:ChIJHWJMQEGoQjQRcXnb1GjMnCQ
ChIJxX8cCqepQjQRs1jDELjsxfc,明弘無刺虱目魚專賣店,4.7,121.4981014,25.0204205,台灣餐廳,"{1: None, 2: [{'start': '06:00', 'end': '09:00'}, {'start': '11:00', 'end': '13:30'}, {'start': '17:00', 'end': '19:30'}], 3: [{'start': '06:00', 'end': '09:00'}, {'start': '11:00', 'end': '13:30'}, {'start': '17:00', 'end': '19:30'}], 4: [{'start': '06:00', 'end': '09:00'}, {'start': '11:00', 'end': '13:30'}, {'start': '17:00', 'end': '19:30'}], 5: [{'start': '06:00', 'end': '09:00'}, {'start': '11:00', 'end': '13:30'}, {'start': '17:00', 'end': '19:30'}], 6: [{'start': '06:00', 'end': '14:00'}], 7: [{'start': '06:00', 'end': '14:00'}]}",lunch,https://www.google.com/maps/place/?q=place_id:ChIJxX8cCqepQjQRs1jDELjsxfc
ChIJe9ucih6pQjQRtb5hv1cFrJM,長疆羊肉爐五股四維店,4.8,121.4679672,25.0748632,中菜館,"{1: [{'start': '16:00', 'end': '01:00'}], 2: [{'start': '16:00', 'end': '01:00'}], 3: [{'start': '16:00', 'end': '01:00'}], 4: [{'start': '16:00', 'end': '01:00'}], 5: [{'start': '16:00', 'end': '01:00'}], 6: [{'start': '16:00', 'end': '01:00'}], 7: [{'start': '16:00', 'end': '01:00'}]}",lunch,https://www.google.com/maps/place/?q=place_id:ChIJe9ucih6pQjQRtb5hv1cFrJM
ChIJgzObwOinQjQRynF11EFavTc,Sipping Bistro 啜飲餐酒館,4.8,121.4327317,25.0318779,小餐館 (Bistro),"{1: [{'start': '18:00', 'end': '01:00'}], 2: [{'start': '18:00', 'end': '01:00'}], 3: [{'start': '18:00', 'end': '01:00'}], 4: [{'start': '18:00', 'end': '01:00'}], 5: [{'start': '18:00', 'end': '02:00'}], 6: [{'start': '18:00', 'end': '02:00'}], 7: [{'start': '18:00', 'end': '01:00'}]}",lunch,https://www.google.com/maps/place/?q=place_id:ChIJgzObwOinQjQRynF11EFavTc
ChIJJ8wryhinQjQRap9XCfKovck,明志路串燒,4.6,121.4251843,25.0411241,串燒烤肉店,"{1: None, 2: [{'start': '17:00', 'end': '00:30'}], 3: [{'start': '17:00', 'end': '00:30'}], 4: [{'start': '17:00', 'end': '00:30'}], 5: [{'start': '17:00', 'end': '00:30'}], 6: [{'start': '17:00', 'end': '00:30'}], 7: [{'start': '17:00', 'end': '00:30'}]}",lunch,https://www.google.com/maps/place/?q=place_id:ChIJJ8wryhinQjQRap9XCfKovck
ChIJd6NAp_2vQjQRqyoY1JsO7qw,鴨味仔炭火薑母鴨-士林店,4.8,121.5209116,25.0921773,餐廳,"{1: [{'start': '16:00', 'end': '00:00'}], 2: [{'start': '16:00', 'end': '00:00'}], 3: [{'start': '16:00', 'end': '00:00'}], 4: [{'start': '16:00', 'end': '00:00'}], 5: [{'start': '16:00', 'end': '00:00'}], 6: [{'start': '16:00', 'end': '00:00'}], 7: [{'start': '16:00', 'end': '00:00'}]}",lunch,https://www.google.com/maps/place/?q=place_id:ChIJd6NAp_2vQjQRqyoY1JsO7qw
ChIJYy_NnH-pQjQRPBVk_ywGT0s,小林食堂 一間壽司,4.5,121.5299578,25.0298483,壽司店,"{1: None, 2: [{'start': '11:30', 'end': '14:00'}, {'start': '17:30', 'end': '21:00'}], 3: [{'start': '11:30', 'end': '14:00'}, {'start': '17:30', 'end': '21:00'}], 4: [{'start': '11:30', 'end': '14:00'}, {'start': '17:30', 'end': '21:00'}], 5: [{'start': '11:30', 'end': '14:00'}, {'start': '17:30', 'end': '21:00'}], 6: [{'start': '11:30', 'end': '14:00'}, {'start': '17:30', 'end': '21:00'}], 7: [{'start': '11:30', 'end': '14:00'}, {'start': '17:30', 'end': '21:00'}]}",lunch,https://www.google.com/maps/place/?q=place_id:ChIJYy_NnH-pQjQRPBVk_ywGT0s
ChIJFaZYdkmnQjQR-c8SxuVhztE,冬烏、創意麵工坊,4.6,121.4415874,25.092185,餐廳,"{1: [{'start': '11:00', 'end': '14:00'}, {'start': '17:00', 'end': '21:00'}], 2: [{'start': '11:00', 'end': '14:00'}, {'start': '17:00', 'end': '21:00'}], 3: [{'start': '11:00', 'end': '14:00'}, {'start': '17:00', 'end': '21:00'}], 4: [{'start': '11:00', 'end': '14:00'}, {'start': '17:00', 'end': '21:00'}], 5: [{'start': '11:00', 'end': '14:00'}, {'start': '17:00', 'end': '21:00'}], 6: [{'start': '11:00', 'end': '14:00'}, {'start': '17:00', 'end': '21:00'}], 7: None}",lunch,https://www.google.com/maps/place/?q=place_id:ChIJFaZYdkmnQjQR-c8SxuVhztE
ChIJuRoIO8uuQjQRQSUj-xMoN14,台北第一香雞排店,4.5,121.5104587,25.0824459,炸物串與串炸餐廳,"{1: [{'start': '16:30', 'end': '00:00'}], 2: [{'start': '16:30', 'end': '00:00'}], 3: None, 4: [{'start': '16:30', 'end': '00:00'}], 5: [{'start': '16:30', 'end': '00:00'}], 6: [{'start': '16:30', 'end': '00:00'}], 7: None}",lunch,https://www.google.com/maps/place/?q=place_id:ChIJuRoIO8uuQjQRQSUj-xMoN14
ChIJ_3qhwzWrQjQR9qdg6STTZHI,肉老大頂級肉品涮涮鍋 蘆洲火鍋店,4.8,121.460375,25.081996,火鍋餐廳,"{1: [{'start': '11:30', 'end': '01:30'}], 2: [{'start': '11:30', 'end': '01:30'}], 3: [{'start': '11:30', 'end': '01:30'}], 4: [{'start': '11:30', 'end': '01:30'}], 5: [{'start': '11:30', 'end': '01:30'}], 6: [{'start': '11:30', 'end': '01:30'}], 7: [{'start': '11:30', 'end': '01:30'}]}",lunch,https://www.google.com/maps/place/?q=place_id:ChIJ_3qhwzWrQjQR9qdg6STTZHI
ChIJbZSH97apQjQREXA7niRWjZ0,～香味四起～蒜味雞湯個人鍋,4.5,121.489413,25.0042837,餐廳,"{1: [{'start': '18:00', 'end': '03:00'}], 2: [{'start': '18:00', 'end': '03:00'}], 3: [{'start': '18:00', 'end': '03:00'}], 4: [{'start': '18:00', 'end': '03:00'}], 5: [{'start': '18:00', 'end': '03:00'}], 6: [{'start': '18:00', 'end': '03:00'}], 7: [{'start': '18:00', 'end': '03:00'}]}",lunch,https://www.google.com/maps/place/?q=place_id:ChIJbZSH97apQjQREXA7niRWjZ0
ChIJpUrdI16rQjQRYQqqJj9e6Xw,綠之園素食店,4.5,121.54835,24.999849,素食餐廳,"{1: [{'start': '11:00', 'end': '14:00'}, {'start': '17:00', 'end': '19:30'}], 2: [{'start': '11:00', 'end': '14:00'}, {'start': '17:00', 'end': '19:30'}], 3: [{'start': '11:00', 'end': '14:00'}, {'start': '17:00', 'end': '19:30'}], 4: [{'start': '11:00', 'end': '14:00'}, {'start': '17:00', 'end': '19:30'}], 5: [{'start': '11:00', 'end': '14:00'}, {'start': '17:00', 'end': '19:30'}], 6: [{'start': '11:00', 'end': '14:00'}, {'start': '17:00', 'end': '19:30'}], 7: None}",lunch,https://www.google.com/maps/place/?q=place_id:ChIJpUrdI16rQjQRYQqqJj9e6Xw
ChIJ4SUwKxqrQjQR7iUm9iRSH3g,阿義師海鮮麵,4.6,121.5789677,24.986721,美食廣場,"{1: None, 2: [{'start': '12:00', 'end': '14:00'}, {'start': '17:00', 'end': '20:00'}], 3: [{'start': '12:00', 'end': '14:00'}, {'start': '17:00', 'end': '20:00'}], 4: [{'start': '12:00', 'end': '14:00'}, {'start': '17:00', 'end': '20:00'}], 5: [{'start': '12:00', 'end': '14:00'}, {'start': '17:00', 'end': '20:00'}], 6: [{'start': '12:00', 'end': '14:00'}, {'start': '17:00', 'end': '20:00'}], 7: None}",lunch,https://www.google.com/maps/place/?q=place_id:ChIJ4SUwKxqrQjQR7iUm9iRSH3g
ChIJDTqOFQCvQjQRSDj_YZaIPp8,八方悅鍋物 石牌立農店,5.0,121.5159683,25.1188009,火鍋餐廳,"{1: [{'start': '11:00', 'end': '14:00'}, {'start': '17:00', 'end': '21:00'}], 2: [{'start': '11:00', 'end': '14:00'}, {'start': '17:00', 'end': '21:00'}], 3: [{'start': '11:00', 'end': '14:00'}, {'start': '17:00', 'end': '21:00'}], 4: [{'start': '11:00', 'end': '14:00'}, {'start': '17:00', 'end': '21:00'}], 5: [{'start': '11:00', 'end': '14:00'}, {'start': '17:00', 'end': '21:00'}], 6: [{'start': '11:00', 'end': '21:00'}], 7: [{'start': '11:00', 'end': '21:00'}]}",lunch,https://www.google.com/maps/place/?q=place_id:ChIJDTqOFQCvQjQRSDj_YZaIPp8
ChIJ8_c30ycDaDQR_9VfuJDp4NE,丼好食-丼飯專賣店,4.8,121.5176094,24.9743832,餐廳,"{1: [{'start': '17:00', 'end': '20:00'}], 2: [{'start': '17:00', 'end': '20:00'}], 3: [{'start': '17:00', 'end': '20:00'}], 4: [{'start': '17:00', 'end': '20:00'}], 5: [{'start': '17:00', 'end': '20:00'}], 6: [{'start': '11:30', 'end': '13:30'}, {'start': '17:00', 'end': '20:00'}], 7: None}",lunch,https://www.google.com/maps/place/?q=place_id:ChIJ8_c30ycDaDQR_9VfuJDp4NE
ChIJ4QGw-lipQjQRj2-kT7LVMyo,一鷺串燒居酒屋 松江本店,4.8,121.5347339,25.0619697,日式烤雞串餐廳,"{1: [{'start': '17:00', 'end': '00:00'}], 2: [{'start': '17:00', 'end': '00:00'}], 3: [{'start': '17:00', 'end': '00:00'}], 4: [{'start': '17:00', 'end': '00:00'}], 5: [{'start': '17:00', 'end': '00:00'}], 6: [{'start': '17:00', 'end': '00:00'}], 7: [{'start': '17:00', 'end': '00:00'}]}",lunch,https://www.google.com/maps/place/?q=place_id:ChIJ4QGw-lipQjQRj2-kT7LVMyo
ChIJDyNAorqnQjQRkR-IVLQmeYI,飲酒屋 常久,5.0,121.4359087,25.0329749,立食吧,"{1: None, 2: [{'start': '19:00', 'end': '01:00'}], 3: [{'start': '19:00', 'end': '01:00'}], 4: [{'start': '19:00', 'end': '01:00'}], 5: [{'start': '19:00', 'end': '02:00'}], 6: [{'start': '19:00', 'end': '02:00'}], 7: [{'start': '19:00', 'end': '01:00'}]}",lunch,https://www.google.com/maps/place/?q=place_id:ChIJDyNAorqnQjQRkR-IVLQmeYI
ChIJ5VJZ1U-pQjQR2_VXd2c_XX8,Wheat Bistro,4.9,121.5338226,25.0138452,小餐館 (Bistro),"{1: [{'start': '17:00', 'end': '02:00'}], 2: None, 3: [{'start': '17:00', 'end': '02:00'}], 4: [{'start': '17:00', 'end': '02:00'}], 5: [{'start': '17:00', 'end': '03:00'}], 6: [{'start': '17:00', 'end': '03:00'}], 7: [{'start': '17:00', 'end': '02:00'}]}",lunch,https://www.google.com/maps/place/?q=place_id:ChIJ5VJZ1U-pQjQR2_VXd2c_XX8
ChIJTxZ581WlQjQRap8dJ0NTtzg,爆Q美式炸雞 淡水店,4.5,121.4402046,25.1821859,快餐店,"{1: [{'start': '16:00', 'end': '01:00'}], 2: [{'start': '16:00', 'end': '01:00'}], 3: [{'start': '16:00', 'end': '01:00'}], 4: [{'start': '16:00', 'end': '01:00'}], 5: [{'start': '16:00', 'end': '01:00'}], 6: [{'start': '16:00', 'end': '01:00'}], 7: [{'start': '16:00', 'end': '01:00'}]}",lunch,https://www.google.com/maps/place/?q=place_id:ChIJTxZ581WlQjQRap8dJ0NTtzg
ChIJ0Z72bq4daDQRZsRUOPnAG04,小樹点,4.5,121.4214007,24.9815155,意大利餐廳,"{1: None, 2: None, 3: [{'start': '11:30', 'end': '14:00'}, {'start': '17:00', 'end': '20:30'}], 4: [{'start': '11:30', 'end': '14:00'}, {'start': '17:00', 'end': '20:30'}], 5: [{'start': '11:30', 'end': '14:00'}, {'start': '17:00', 'end': '20:30'}], 6: [{'start': '11:30', 'end': '14:00'}, {'start': '17:00', 'end': '20:30'}], 7: [{'start': '11:30', 'end': '14:00'}, {'start': '17:00', 'end': '20:30'}]}",lunch,https://www.google.com/maps/place/?q=place_id:ChIJ0Z72bq4daDQRZsRUOPnAG04
ChIJJRgx076rQjQR7P1a-2mxy1w,禾月居寿司處,4.6,121.563438,25.0422065,壽司店,"{1: None, 2: [{'start': '12:00', 'end': '14:00'}, {'start': '18:00', 'end': '21:00'}], 3: [{'start': '12:00', 'end': '14:00'}, {'start': '18:00', 'end': '21:00'}], 4: [{'start': '12:00', 'end': '14:00'}, {'start': '18:00', 'end': '21:00'}], 5: [{'start': '12:00', 'end': '14:00'}, {'start': '18:00', 'end': '21:00'}], 6: [{'start': '12:00', 'end': '14:00'}, {'start': '18:00', 'end': '21:00'}], 7: None}",lunch,https://www.google.com/maps/place/?q=place_id:ChIJJRgx076rQjQR7P1a-2mxy1w
ChIJxeMjHfOpQjQR5V2NcyJ8YeM,餓狸薯叔,4.5,121.5288691,25.0111541,餐廳,"{1: None, 2: None, 3: [{'start': '19:00', 'end': '23:00'}], 4: [{'start': '19:00', 'end': '00:00'}], 5: [{'start': '19:00', 'end': '01:00'}], 6: [{'start': '15:00', 'end': '01:00'}], 7: [{'start': '15:00', 'end': '21:00'}]}",lunch,https://www.google.com/maps/place/?q=place_id:ChIJxeMjHfOpQjQR5V2NcyJ8YeM
ChIJn-FxOfGuQjQRiks-hv2iMPA,五娘米粉湯,4.5,121.5066626,25.1187739,麵店,"{1: [{'start': '11:00', 'end': '14:00'}], 2: [{'start': '11:00', 'end': '14:00'}], 3: [{'start': '11:00', 'end': '14:00'}], 4: None, 5: [{'start': '11:00', 'end': '14:00'}], 6: [{'start': '11:00', 'end': '14:00'}], 7: [{'start': '11:00', 'end': '14:00'}]}",lunch,https://www.google.com/maps/place/?q=place_id:ChIJn-FxOfGuQjQRiks-hv2iMPA
ChIJl417YzylQjQRK3jvZfG0znQ,龍鹽酥雞-八里店,4.8,121.4046308,25.150274,餐廳,"{1: [{'start': '00:00', 'end': '12:00'}, {'start': '16:00', 'end': '00:00'}], 2: [{'start': '00:00', 'end': '12:00'}, {'start': '16:00', 'end': '00:00'}], 3: [{'start': '00:00', 'end': '12:00'}, {'start': '16:00', 'end': '00:00'}], 4: [{'start': '00:00', 'end': '12:00'}, {'start': '16:00', 'end': '00:00'}], 5: [{'start': '00:00', 'end': '12:00'}, {'start': '16:00', 'end': '00:00'}], 6: [{'start': '00:00', 'end': '12:00'}, {'start': '16:00', 'end': '00:00'}], 7: [{'start': '00:00', 'end': '12:00'}, {'start': '16:00', 'end': '00:00'}]}",lunch,https://www.google.com/maps/place/?q=place_id:ChIJl417YzylQjQRK3jvZfG0znQ
ChIJ25ph4KACaDQRpXXeSoWIbuI,幸福123健康蔬食&Caqi窯烤pizza,4.5,121.464422,24.9992471,素食餐廳,"{1: None, 2: [{'start': '11:30', 'end': '14:00'}, {'start': '17:00', 'end': '20:30'}], 3: [{'start': '11:30', 'end': '14:00'}, {'start': '17:00', 'end': '20:30'}], 4: [{'start': '11:30', 'end': '14:00'}, {'start': '17:00', 'end': '20:30'}], 5: [{'start': '11:30', 'end': '14:00'}, {'start': '17:00', 'end': '21:00'}], 6: [{'start': '11:30', 'end': '21:00'}], 7: [{'start': '11:30', 'end': '20:30'}]}",lunch,https://www.google.com/maps/place/?q=place_id:ChIJ25ph4KACaDQRpXXeSoWIbuI
ChIJcc2MsJ2rQjQRerluB9AN8Ps,燒肉同話 台北南港店,4.7,121.6044641,25.0525811,酒吧扒房,"{1: [{'start': '11:00', 'end': '15:30'}, {'start': '17:00', 'end': '21:30'}], 2: [{'start': '11:00', 'end': '15:30'}, {'start': '17:00', 'end': '21:30'}], 3: [{'start': '11:00', 'end': '15:30'}, {'start': '17:00', 'end': '21:30'}], 4: [{'start': '11:00', 'end': '15:30'}, {'start': '17:00', 'end': '21:30'}], 5: [{'start': '11:00', 'end': '15:30'}, {'start': '17:00', 'end': '22:00'}], 6: [{'start': '11:00', 'end': '22:00'}], 7: [{'start': '11:00', 'end': '22:00'}]}",dinner,https://www.google.com/maps/place/?q=place_id:ChIJcc2MsJ2rQjQRerluB9AN8Ps
ChIJxX-6NSKoQjQRVQLcexYyrPw,義多摩 pasta,4.5,121.471092,25.012348,意大利餐廳,"{1: None, 2: [{'start': '11:00', 'end': '14:00'}, {'start': '17:00', 'end': '21:00'}], 3: [{'start': '11:00', 'end': '14:00'}, {'start': '17:00', 'end': '21:00'}], 4: [{'start': '11:00', 'end': '14:00'}, {'start': '17:00', 'end': '21:00'}], 5: [{'start': '11:00', 'end': '14:00'}, {'start': '17:00', 'end': '21:00'}], 6: [{'start': '11:00', 'end': '14:00'}, {'start': '17:00', 'end': '21:00'}], 7: [{'start': '11:00', 'end': '14:00'}, {'start': '17:00', 'end': '21:00'}]}",dinner,https://www.google.com/maps/place/?q=place_id:ChIJxX-6NSKoQjQRVQLcexYyrPw
ChIJF3GhcaACaDQR4A9DpvUK-n4,蔡媽媽美味素食,4.7,121.4643454,25.001154,素食餐廳,"{1: [{'start': '10:30', 'end': '14:00'}, {'start': '17:00', 'end': '19:00'}], 2: [{'start': '10:30', 'end': '14:00'}, {'start': '17:00', 'end': '19:00'}], 3: [{'start': '10:30', 'end': '14:00'}, {'start': '17:00', 'end': '19:00'}], 4: [{'start': '10:30', 'end': '14:00'}, {'start': '17:00', 'end': '19:00'}], 5: [{'start': '10:30', 'end': '14:00'}, {'start': '17:00', 'end': '19:00'}], 6: [{'start': '10:30', 'end': '14:00'}, {'start': '17:00', 'end': '19:00'}], 7: None}",dinner,https://www.google.com/maps/place/?q=place_id:ChIJF3GhcaACaDQR4A9DpvUK-n4
ChIJI-cDuQOrQjQRAA7sfSKCq6U,休閒食堂 (無對外開放營業～預訂團體便當 歡迎來電洽詢～),4.6,121.5689047,24.9984832,素食餐廳,"{1: [{'start': '11:30', 'end': '13:30'}, {'start': '17:00', 'end': '19:30'}], 2: [{'start': '11:30', 'end': '13:30'}, {'start': '17:00', 'end': '19:30'}], 3: [{'start': '11:30', 'end': '13:30'}, {'start': '17:00', 'end': '19:30'}], 4: [{'start': '11:30', 'end': '13:30'}, {'start': '17:00', 'end': '19:30'}], 5: None, 6: None, 7: None}",dinner,https://www.google.com/maps/place/?q=place_id:ChIJI-cDuQOrQjQRAA7sfSKCq6U
ChIJbUqp3tGoQjQR1R_0hqDqjlk,西堤牛排 蘆洲集賢店,4.8,121.4800021,25.0810661,美式牛扒屋,"{1: [{'start': '11:30', 'end': '14:00'}, {'start': '17:30', 'end': '21:00'}], 2: [{'start': '11:30', 'end': '14:00'}, {'start': '17:30', 'end': '21:00'}], 3: [{'start': '11:30', 'end': '14:00'}, {'start': '17:30', 'end': '21:00'}], 4: [{'start': '11:30', 'end': '14:00'}, {'start': '17:30', 'end': '21:00'}], 5: [{'start': '11:30', 'end': '14:00'}, {'start': '17:30', 'end': '21:00'}], 6: [{'start': '11:00', 'end': '14:00'}, {'start': '17:00', 'end': '21:00'}], 7: [{'start': '11:00', 'end': '14:00'}, {'start': '17:00', 'end': '21:00'}]}",dinner,https://www.google.com/maps/place/?q=place_id:ChIJbUqp3tGoQjQR1R_0hqDqjlk
ChIJe0zC6pasQjQRSZhPSK-eoR0,酆都串燒.料理,4.5,121.6012558,25.0746337,日式烤雞串餐廳,"{1: None, 2: None, 3: [{'start': '17:00', 'end': '22:30'}], 4: [{'start': '17:00', 'end': '22:30'}], 5: [{'start': '17:00', 'end': '22:30'}], 6: [{'start': '17:00', 'end': '22:30'}], 7: [{'start': '17:00', 'end': '21:30'}]}",dinner,https://www.google.com/maps/place/?q=place_id:ChIJe0zC6pasQjQRSZhPSK-eoR0
ChIJ_3Drk2CpQjQRj60tccm_S-c,藝鍋物-板橋三民店,4.7,121.4792924,25.0221787,火鍋餐廳,"{1: [{'start': '11:00', 'end': '14:00'}, {'start': '17:00', 'end': '22:00'}], 2: [{'start': '11:00', 'end': '14:00'}, {'start': '17:00', 'end': '22:00'}], 3: [{'start': '11:00', 'end': '14:00'}, {'start': '17:00', 'end': '22:00'}], 4: [{'start': '11:00', 'end': '14:00'}, {'start': '17:00', 'end': '22:00'}], 5: [{'start': '11:00', 'end': '14:00'}, {'start': '17:00', 'end': '22:00'}], 6: [{'start': '11:00', 'end': '22:00'}], 7: [{'start': '11:00', 'end': '22:00'}]}",dinner,https://www.google.com/maps/place/?q=place_id:ChIJ_3Drk2CpQjQRj60tccm_S-c
ChIJ5VJZ1U-pQjQR2_VXd2c_XX8,Wheat Bistro,4.9,121.5338226,25.0138452,小餐館 (Bistro),"{1: [{'start': '17:00', 'end': '02:00'}], 2: None, 3: [{'start': '17:00', 'end': '02:00'}], 4: [{'start': '17:00', 'end': '02:00'}], 5: [{'start': '17:00', 'end': '03:00'}], 6: [{'start': '17:00', 'end': '03:00'}], 7: [{'start': '17:00', 'end': '02:00'}]}",dinner,https://www.google.com/maps/place/?q=place_id:ChIJ5VJZ1U-pQjQR2_VXd2c_XX8
ChIJeXR6PvkBaDQRHOOMticLuIw,蘇杭餐廳 大坪林店,4.6,121.5410118,24.9827988,中餐館,"{1: [{'start': '11:30', 'end': '14:00'}, {'start': '17:30', 'end': '21:00'}], 2: [{'start': '11:30', 'end': '14:00'}, {'start': '17:30', 'end': '21:00'}], 3: [{'start': '11:30', 'end': '14:00'}, {'start': '17:30', 'end': '21:00'}], 4: [{'start': '11:30', 'end': '14:00'}, {'start': '17:30', 'end': '21:00'}], 5: [{'start': '11:30', 'end': '14:00'}, {'start': '17:30', 'end': '21:00'}], 6: [{'start': '11:30', 'end': '14:00'}, {'start': '17:30', 'end': '21:00'}], 7: [{'start': '11:30', 'end': '14:00'}, {'start': '17:30', 'end': '21:00'}]}",dinner,https://www.google.com/maps/place/?q=place_id:ChIJeXR6PvkBaDQRHOOMticLuIw
ChIJxX8cCqepQjQRs1jDELjsxfc,明弘無刺虱目魚專賣店,4.7,121.4981014,25.0204205,台灣餐廳,"{1: None, 2: [{'start': '06:00', 'end': '09:00'}, {'start': '11:00', 'end': '13:30'}, {'start': '17:00', 'end': '19:30'}], 3: [{'start': '06:00', 'end': '09:00'}, {'start': '11:00', 'end': '13:30'}, {'start': '17:00', 'end': '19:30'}], 4: [{'start': '06:00', 'end': '09:00'}, {'start': '11:00', 'end': '13:30'}, {'start': '17:00', 'end': '19:30'}], 5: [{'start': '06:00', 'end': '09:00'}, {'start': '11:00', 'end': '13:30'}, {'start': '17:00', 'end': '19:30'}], 6: [{'start': '06:00', 'end': '14:00'}], 7: [{'start': '06:00', 'end': '14:00'}]}",dinner,https://www.google.com/maps/place/?q=place_id:ChIJxX8cCqepQjQRs1jDELjsxfc
ChIJDTQ2AlqlQjQRD4m0NWi5_J4,4F小飯館/美食/餐廳/餐館/晚餐/美食推薦,4.7,121.448721,25.1777907,多國菜餐廳,"{1: None, 2: [{'start': '11:30', 'end': '15:00'}, {'start': '17:00', 'end': '22:00'}], 3: [{'start': '11:30', 'end': '15:00'}, {'start': '17:00', 'end': '22:00'}], 4: [{'start': '11:30', 'end': '15:00'}, {'start': '17:00', 'end': '22:00'}], 5: [{'start': '11:30', 'end': '15:00'}, {'start': '17:00', 'end': '22:00'}], 6: [{'start': '11:30', 'end': '16:00'}, {'start': '17:00', 'end': '22:00'}], 7: [{'start': '11:30', 'end': '16:00'}, {'start': '17:00', 'end': '22:00'}]}",dinner,https://www.google.com/maps/place/?q=place_id:ChIJDTQ2AlqlQjQRD4m0NWi5_J4
ChIJA2qHXm-pQjQRiyN6s2aaQ6Q,梅子鰻蒲燒專賣店,4.5,121.5253369,25.0501842,日本餐廳,"{1: None, 2: [{'start': '11:30', 'end': '14:00'}, {'start': '17:30', 'end': '00:00'}], 3: [{'start': '11:30', 'end': '14:00'}, {'start': '17:30', 'end': '00:00'}], 4: [{'start': '11:30', 'end': '14:00'}, {'start': '17:30', 'end': '00:00'}], 5: [{'start': '11:30', 'end': '14:00'}, {'start': '17:30', 'end': '00:00'}], 6: [{'start': '11:30', 'end': '14:00'}, {'start': '17:30', 'end': '00:00'}], 7: [{'start': '11:30', 'end': '14:00'}, {'start': '17:30', 'end': '22:00'}]}",dinner,https://www.google.com/maps/place/?q=place_id:ChIJA2qHXm-pQjQRiyN6s2aaQ6Q
ChIJYahHGk-pQjQRXZHXms4Aet0,Crafted Beer & Co. 精釀啤酒屋,4.6,121.5220533,25.0698304,酒吧,"{1: None, 2: [{'start': '17:00', 'end': '00:00'}], 3: [{'start': '17:00', 'end': '00:00'}], 4: [{'start': '17:00', 'end': '00:00'}], 5: [{'start': '17:00', 'end': '00:00'}], 6: [{'start': '14:00', 'end': '00:00'}], 7: [{'start': '14:00', 'end': '22:00'}]}",dinner,https://www.google.com/maps/place/?q=place_id:ChIJYahHGk-pQjQRXZHXms4Aet0
ChIJGYg2AAADaDQRFHqgVPKSTuc,醇滷味,4.9,121.4690019,25.0009274,餐廳,"{1: None, 2: None, 3: [{'start': '17:30', 'end': '00:30'}], 4: [{'start': '17:30', 'end': '00:30'}], 5: [{'start': '17:30', 'end': '00:30'}], 6: [{'start': '17:30', 'end': '00:30'}], 7: [{'start': '17:30', 'end': '00:30'}]}",dinner,https://www.google.com/maps/place/?q=place_id:ChIJGYg2AAADaDQRFHqgVPKSTuc
ChIJ1eXQShWrQjQR-9Ev_CR9KkI,初泰信義象山門市,4.5,121.5688461,25.0322831,泰國餐廳,"{1: [{'start': '11:30', 'end': '15:00'}, {'start': '17:30', 'end': '22:00'}], 2: [{'start': '11:30', 'end': '15:00'}, {'start': '17:30', 'end': '22:00'}], 3: [{'start': '11:30', 'end': '15:00'}, {'start': '17:30', 'end': '22:00'}], 4: [{'start': '11:30', 'end': '15:00'}, {'start': '17:30', 'end': '22:00'}], 5: [{'start': '11:30', 'end': '15:00'}, {'start': '17:30', 'end': '22:00'}], 6: [{'start': '11:30', 'end': '15:00'}, {'start': '17:30', 'end': '22:00'}], 7: [{'start': '11:30', 'end': '15:00'}, {'start': '17:30', 'end': '22:00'}]}",dinner,https://www.google.com/maps/place/?q=place_id:ChIJ1eXQShWrQjQR-9Ev_CR9KkI
ChIJN7-gmSWoQjQRVMEiRdHxk2k,海陸碳烤海鮮,4.6,121.4786723,25.0114812,海鮮餐廳,"{1: [{'start': '17:00', 'end': '01:00'}], 2: [{'start': '17:00', 'end': '01:00'}], 3: [{'start': '17:00', 'end': '01:00'}], 4: [{'start': '17:00', 'end': '01:00'}], 5: [{'start': '17:00', 'end': '01:00'}], 6: [{'start': '17:00', 'end': '01:00'}], 7: [{'start': '17:00', 'end': '00:00'}]}",dinner,https://www.google.com/maps/place/?q=place_id:ChIJN7-gmSWoQjQRVMEiRdHxk2k
ChIJHcO6mvivQjQR8WHAMcGHlao,南洋蔬食小棧,4.7,121.5018511,25.1244693,素食餐廳,"{1: [{'start': '11:30', 'end': '14:00'}, {'start': '17:00', 'end': '20:00'}], 2: [{'start': '11:30', 'end': '14:00'}, {'start': '17:00', 'end': '20:00'}], 3: [{'start': '11:30', 'end': '14:00'}, {'start': '17:00', 'end': '20:00'}], 4: [{'start': '11:30', 'end': '14:00'}, {'start': '17:00', 'end': '20:00'}], 5: [{'start': '11:30', 'end': '14:00'}, {'start': '17:00', 'end': '20:00'}], 6: [{'start': '11:30', 'end': '14:00'}, {'start': '17:00', 'end': '20:00'}], 7: [{'start': '11:30', 'end': '14:00'}, {'start': '17:00', 'end': '20:00'}]}",dinner,https://www.google.com/maps/place/?q=place_id:ChIJHcO6mvivQjQR8WHAMcGHlao
ChIJt8Z3vzOrQjQRe3eOIG77rO8,Ashin阿鑫小料理,4.5,121.5486704,25.059432,日本餐廳,"{1: None, 2: [{'start': '18:00', 'end': '22:00'}], 3: [{'start': '18:00', 'end': '22:00'}], 4: [{'start': '18:00', 'end': '22:00'}], 5: [{'start': '18:00', 'end': '22:00'}], 6: [{'start': '18:00', 'end': '22:00'}], 7: None}",dinner,https://www.google.com/maps/place/?q=place_id:ChIJt8Z3vzOrQjQRe3eOIG77rO8
ChIJcTjUTACnQjQRaqHKRMYhfzM,小燻烤肉,4.6,121.3829038,25.053901,燒烤餐廳,"{1: None, 2: None, 3: [{'start': '16:30', 'end': '19:30'}], 4: [{'start': '16:30', 'end': '19:30'}], 5: None, 6: None, 7: [{'start': '17:30', 'end': '20:00'}]}",dinner,https://www.google.com/maps/place/?q=place_id:ChIJcTjUTACnQjQRaqHKRMYhfzM
ChIJpftIiLCnQjQRkeHjLB4WTQE,本土黃牛肉麵,5.0,121.44283,25.031251,餐廳,"{1: [{'start': '17:00', 'end': '21:00'}, {'start': '22:30', 'end': '02:30'}], 2: [{'start': '17:00', 'end': '21:00'}, {'start': '22:30', 'end': '02:30'}], 3: [{'start': '17:00', 'end': '21:00'}, {'start': '22:30', 'end': '02:30'}], 4: [{'start': '17:00', 'end': '21:00'}, {'start': '22:30', 'end': '02:30'}], 5: None, 6: [{'start': '17:00', 'end': '21:00'}, {'start': '22:30', 'end': '02:30'}], 7: [{'start': '17:00', 'end': '21:00'}, {'start': '22:30', 'end': '02:30'}]}",dinner,https://www.google.com/maps/place/?q=place_id:ChIJpftIiLCnQjQRkeHjLB4WTQE
ChIJN27IO-CoQjQR7ldXk9Umj1E,茶騷有味香港茶餐廳,4.7,121.4880948,25.0572998,港式茶餐廳,"{1: [{'start': '11:00', 'end': '15:00'}, {'start': '17:30', 'end': '21:30'}], 2: [{'start': '11:00', 'end': '15:00'}, {'start': '17:30', 'end': '21:30'}], 3: [{'start': '11:00', 'end': '15:00'}, {'start': '17:30', 'end': '21:30'}], 4: [{'start': '11:00', 'end': '15:00'}, {'start': '17:30', 'end': '21:30'}], 5: [{'start': '11:00', 'end': '15:00'}, {'start': '17:30', 'end': '21:30'}], 6: [{'start': '11:00', 'end': '21:30'}], 7: [{'start': '11:00', 'end': '21:30'}]}",dinner,https://www.google.com/maps/place/?q=place_id:ChIJN27IO-CoQjQR7ldXk9Umj1E
ChIJ3w5fIOyrQjQRj-DLqFROcvI,藝素佳素食,4.5,121.5408688,25.0120205,純素餐廳,"{1: [{'start': '11:00', 'end': '13:00'}, {'start': '17:00', 'end': '19:30'}], 2: [{'start': '11:00', 'end': '13:00'}, {'start': '17:00', 'end': '19:30'}], 3: [{'start': '11:00', 'end': '13:00'}, {'start': '17:00', 'end': '19:30'}], 4: [{'start': '11:00', 'end': '13:00'}, {'start': '17:00', 'end': '19:30'}], 5: [{'start': '11:00', 'end': '13:00'}, {'start': '17:00', 'end': '19:30'}], 6: None, 7: None}",dinner,https://www.google.com/maps/place/?q=place_id:ChIJ3w5fIOyrQjQRj-DLqFROcvI
ChIJCzcD9squQjQRkkJCUmMnRH0,明都大自然素食館,4.5,121.5123936,25.0836138,素食餐廳,"{1: [{'start': '11:00', 'end': '14:00'}, {'start': '17:00', 'end': '21:00'}], 2: [{'start': '11:00', 'end': '14:00'}, {'start': '17:00', 'end': '21:00'}], 3: [{'start': '11:00', 'end': '14:00'}, {'start': '17:00', 'end': '21:00'}], 4: [{'start': '11:00', 'end': '14:00'}, {'start': '17:00', 'end': '21:00'}], 5: [{'start': '11:00', 'end': '14:00'}, {'start': '17:00', 'end': '21:00'}], 6: [{'start': '11:00', 'end': '14:00'}, {'start': '17:00', 'end': '21:00'}], 7: [{'start': '11:00', 'end': '14:00'}, {'start': '17:00', 'end': '21:00'}]}",dinner,https://www.google.com/maps/place/?q=place_id:ChIJCzcD9squQjQRkkJCUmMnRH0
ChIJFw4YOdurQjQRrzQ1L74z1nI,Oden sushi 晶濎美式加州壽司,4.8,121.5857727,25.0388762,日本餐廳,"{1: None, 2: [{'start': '10:30', 'end': '14:00'}, {'start': '17:00', 'end': '20:00'}], 3: [{'start': '10:30', 'end': '14:00'}, {'start': '17:00', 'end': '20:00'}], 4: [{'start': '10:30', 'end': '14:00'}, {'start': '17:00', 'end': '20:00'}], 5: [{'start': '10:30', 'end': '14:00'}, {'start': '17:00', 'end': '20:00'}], 6: [{'start': '10:30', 'end': '14:00'}, {'start': '17:00', 'end': '20:00'}], 7: [{'start': '10:30', 'end': '18:00'}]}",dinner,https://www.google.com/maps/place/?q=place_id:ChIJFw4YOdurQjQRrzQ1L74z1nI
ChIJeegCW7ivQjQR-ECgwsUzRSY,iL Vicino 奇諾義大利披薩屋,4.7,121.531042,25.120643,意大利餐廳,"{1: None, 2: [{'start': '11:30', 'end': '14:30'}, {'start': '17:30', 'end': '21:30'}], 3: [{'start': '11:30', 'end': '14:30'}, {'start': '17:30', 'end': '21:30'}], 4: [{'start': '11:30', 'end': '14:30'}, {'start': '17:30', 'end': '21:30'}], 5: [{'start': '11:30', 'end': '14:30'}, {'start': '17:30', 'end': '21:30'}], 6: [{'start': '11:30', 'end': '14:30'}, {'start': '17:30', 'end': '21:30'}], 7: [{'start': '11:30', 'end': '14:30'}, {'start': '17:30', 'end': '21:30'}]}",dinner,https://www.google.com/maps/place/?q=place_id:ChIJeegCW7ivQjQR-ECgwsUzRSY
ChIJj0LHgbGvQjQRadlJGsLpWfE,學院麵館,4.8,121.4517565,25.1294933,中餐館,"{1: [{'start': '10:30', 'end': '13:30'}, {'start': '17:30', 'end': '19:30'}], 2: [{'start': '10:30', 'end': '13:30'}, {'start': '17:30', 'end': '19:30'}], 3: [{'start': '10:30', 'end': '13:30'}, {'start': '17:30', 'end': '19:30'}], 4: [{'start': '10:30', 'end': '13:30'}, {'start': '17:30', 'end': '19:30'}], 5: [{'start': '10:30', 'end': '13:30'}, {'start': '17:30', 'end': '19:30'}], 6: None, 7: [{'start': '10:30', 'end': '13:30'}, {'start': '17:30', 'end': '19:30'}]}",dinner,https://www.google.com/maps/place/?q=place_id:ChIJj0LHgbGvQjQRadlJGsLpWfE
ChIJ7zYl49OvQjQRSG514hF2vxQ,金屋 居酒屋｜北投居酒屋推薦 深夜食堂 私房料理 日式餐廳 包場 宵夜美食 日式料理 聚餐首選,4.8,121.4908991,25.1383919,日式烤雞串餐廳,"{1: [{'start': '18:00', 'end': '23:00'}], 2: [{'start': '18:00', 'end': '23:00'}], 3: [{'start': '18:00', 'end': '23:00'}], 4: [{'start': '18:00', 'end': '23:00'}], 5: [{'start': '18:00', 'end': '00:00'}], 6: [{'start': '18:00', 'end': '00:00'}], 7: None}",dinner,https://www.google.com/maps/place/?q=place_id:ChIJ7zYl49OvQjQRSG514hF2vxQ
ChIJXRLFFcmoQjQRNEKrJt0oAwI,黃獅傅地瓜球~香酥雞(蘆洲總店),4.8,121.4724812,25.0833832,小吃攤,"{1: [{'start': '16:30', 'end': '22:00'}], 2: [{'start': '16:30', 'end': '22:00'}], 3: [{'start': '16:30', 'end': '22:00'}], 4: [{'start': '16:30', 'end': '22:00'}], 5: [{'start': '16:30', 'end': '22:00'}], 6: [{'start': '17:00', 'end': '22:00'}], 7: [{'start': '19:00', 'end': '22:00'}]}",dinner,https://www.google.com/maps/place/?q=place_id:ChIJXRLFFcmoQjQRNEKrJt0oAwI
ChIJW-0S602rQjQR_zGp2YtVHzQ,彼岸關東煮,4.9,121.5694401,25.0224481,居酒屋,"{1: [{'start': '18:00', 'end': '00:00'}], 2: [{'start': '18:00', 'end': '00:00'}], 3: [{'start': '18:00', 'end': '00:00'}], 4: [{'start': '18:00', 'end': '00:00'}], 5: [{'start': '18:00', 'end': '00:00'}], 6: [{'start': '18:00', 'end': '00:00'}], 7: None}",dinner,https://www.google.com/maps/place/?q=place_id:ChIJW-0S602rQjQR_zGp2YtVHzQ
ChIJkwJEyturQjQRf6uOwSAqWYc,2號店烤肉串燒,4.7,121.5717449,25.050227,串燒烤肉店,"{1: [{'start': '17:30', 'end': '01:00'}], 2: [{'start': '17:30', 'end': '01:00'}], 3: [{'start': '17:30', 'end': '01:00'}], 4: [{'start': '17:30', 'end': '01:00'}], 5: [{'start': '17:30', 'end': '01:00'}], 6: [{'start': '17:30', 'end': '01:00'}], 7: [{'start': '17:30', 'end': '23:00'}]}",dinner,https://www.google.com/maps/place/?q=place_id:ChIJkwJEyturQjQRf6uOwSAqWYc
ChIJzZ6FcUOuQjQRnA_kbQHv3B8,吉他橋,4.2,121.5094897,25.1368886,旅遊景點,"{1: None, 2: None, 3: None, 4: None, 5: None, 6: None, 7: None}",morning,https://www.google.com/maps/place/?q=place_id:ChIJzZ6FcUOuQjQRnA_kbQHv3B8
ChIJA9iie24CaDQR3Mq0vXmz9eU,中和緬甸街,4.1,121.5079958,24.9841091,旅遊景點,"{1: [{'start': '06:00', 'end': '20:00'}], 2: [{'start': '06:00', 'end': '20:00'}], 3: [{'start': '06:00', 'end': '20:00'}], 4: [{'start': '06:00', 'end': '20:00'}], 5: [{'start': '06:00', 'end': '20:00'}], 6: [{'start': '06:00', 'end': '20:00'}], 7: [{'start': '06:00', 'end': '20:00'}]}",morning,https://www.google.com/maps/place/?q=place_id:ChIJA9iie24CaDQR3Mq0vXmz9eU
ChIJH0-4wbqpQjQRgczEsx3kka4,華山文創園區千層野台,4.4,121.5292187,25.0440373,旅遊景點,"{1: None, 2: None, 3: None, 4: None, 5: None, 6: None, 7: None}",morning,https://www.google.com/maps/place/?q=place_id:ChIJH0-4wbqpQjQRgczEsx3kka4
ChIJ3-gKndqlQjQRKtVowq1-h6w,漁人碼頭,4.6,121.4106501,25.182249,旅遊景點,"{1: None, 2: None, 3: None, 4: None, 5: None, 6: None, 7: None}",morning,https://www.google.com/maps/place/?q=place_id:ChIJ3-gKndqlQjQRKtVowq1-h6w
ChIJvWZzu_OtQjQR3oNJzmMt0d8,百年楓香姐妹樹,5.0,121.5386595,25.1448539,旅遊景點,"{1: None, 2: None, 3: None, 4: None, 5: None, 6: None, 7: None}",morning,https://www.google.com/maps/place/?q=place_id:ChIJvWZzu_OtQjQR3oNJzmMt0d8
ChIJO_jkZl-vQjQRCFmhFb__cpo,半嶺圳步道入口,4.1,121.5381824,25.1438016,旅遊景點,"{1: None, 2: None, 3: None, 4: None, 5: None, 6: None, 7: None}",morning,https://www.google.com/maps/place/?q=place_id:ChIJO_jkZl-vQjQRCFmhFb__cpo
ChIJFVLLc7ipQjQRIhv4Sz4FN6U,馬場疏散門,4.3,121.504435,25.0197724,旅遊景點,"{1: None, 2: None, 3: None, 4: None, 5: None, 6: None, 7: None}",morning,https://www.google.com/maps/place/?q=place_id:ChIJFVLLc7ipQjQRIhv4Sz4FN6U
ChIJFd2zPrCpQjQRRUFpNO5tHpQ,帶路趣導覽-空軍三重一村/眷村房舍走讀/好玩/打卡景點,4.5,121.4989874,25.0577571,旅遊景點,"{1: [{'start': '10:00', 'end': '18:00'}], 2: [{'start': '10:00', 'end': '18:00'}], 3: [{'start': '10:00', 'end': '18:00'}], 4: [{'start': '10:00', 'end': '18:00'}], 5: [{'start': '10:00', 'end': '18:00'}], 6: [{'start': '10:00', 'end': '18:00'}], 7: [{'start': '10:00', 'end': '18:00'}]}",morning,https://www.google.com/maps/place/?q=place_id:ChIJFd2zPrCpQjQRRUFpNO5tHpQ
ChIJG8jTsFyuQjQRyTZa6xUbd7w,台灣幸福石,4.4,121.509505,25.134241,景點,"{1: None, 2: None, 3: None, 4: None, 5: None, 6: None, 7: None}",morning,https://www.google.com/maps/place/?q=place_id:ChIJG8jTsFyuQjQRyTZa6xUbd7w
ChIJG_282NCvQjQRN0H4dWDsaJE,環遊郡大橋,4.4,121.4851337,25.1603584,景點,"{1: None, 2: None, 3: None, 4: None, 5: None, 6: None, 7: None}",morning,https://www.google.com/maps/place/?q=place_id:ChIJG_282NCvQjQRN0H4dWDsaJE
ChIJzRvXzCUAaDQRHoOTJQUVsD8,貓空壺穴,4.1,121.5970284,24.9696884,旅遊景點,"{1: None, 2: None, 3: None, 4: None, 5: None, 6: None, 7: None}",morning,https://www.google.com/maps/place/?q=place_id:ChIJzRvXzCUAaDQRHoOTJQUVsD8
ChIJ9_qzXXelQjQRF5DlOq9BKAc,十三行自行車,4.8,121.4076069,25.158301,旅遊景點,"{1: [{'start': '09:00', 'end': '17:00'}], 2: [{'start': '09:00', 'end': '17:00'}], 3: [{'start': '09:00', 'end': '17:00'}], 4: None, 5: None, 6: [{'start': '09:00', 'end': '19:00'}], 7: [{'start': '09:00', 'end': '19:00'}]}",morning,https://www.google.com/maps/place/?q=place_id:ChIJ9_qzXXelQjQRF5DlOq9BKAc
ChIJi-eKT9ilQjQRKKte6x53jz0,淡江大橋及其聯絡道新建工程,4.4,121.4203476,25.1805903,旅遊景點,"{1: None, 2: None, 3: None, 4: None, 5: None, 6: None, 7: None}",morning,https://www.google.com/maps/place/?q=place_id:ChIJi-eKT9ilQjQRKKte6x53jz0
ChIJtcqEgg-qQjQR1G3ExAwW5Rk,仙跡岩,4.5,121.5480591,24.9925635,旅遊景點,"{1: None, 2: None, 3: None, 4: None, 5: None, 6: None, 7: None}",morning,https://www.google.com/maps/place/?q=place_id:ChIJtcqEgg-qQjQR1G3ExAwW5Rk
ChIJ47Xa1M-oQjQRbAFSeRiGdQ4,捷運徐匯中學站,4.4,121.479673,25.080729,旅遊景點,"{1: [{'start': '05:00', 'end': '00:00'}], 2: [{'start': '05:00', 'end': '00:00'}], 3: [{'start': '05:00', 'end': '00:00'}], 4: [{'start': '05:00', 'end': '00:00'}], 5: [{'start': '05:00', 'end': '00:00'}], 6: [{'start': '05:00', 'end': '00:00'}], 7: [{'start': '05:00', 'end': '00:00'}]}",morning,https://www.google.com/maps/place/?q=place_id:ChIJ47Xa1M-oQjQRbAFSeRiGdQ4
ChIJEU5jMo8BaDQRxjhtsAp72kc,青年亭,4.5,121.5430911,24.9589591,景點,"{1: None, 2: None, 3: None, 4: None, 5: None, 6: None, 7: None}",morning,https://www.google.com/maps/place/?q=place_id:ChIJEU5jMo8BaDQRxjhtsAp72kc
ChIJu_tgIACpQjQRT_rpRlqmfrY,巷弄裡的胖貓貓,5.0,121.4688939,25.0288327,旅遊景點,"{1: None, 2: None, 3: None, 4: None, 5: None, 6: None, 7: None}",morning,https://www.google.com/maps/place/?q=place_id:ChIJu_tgIACpQjQRT_rpRlqmfrY
ChIJa0zZCgCtQjQR4omJHU1Uz7c,碧湖公園登山步道,5.0,121.5854351,25.0822027,旅遊景點,"{1: None, 2: None, 3: None, 4: None, 5: None, 6: None, 7: None}",morning,https://www.google.com/maps/place/?q=place_id:ChIJa0zZCgCtQjQR4omJHU1Uz7c
ChIJ0boMPw-rQjQROEEEn7xoG4M,觀景台,4.1,121.589594,25.0324387,景點,"{1: None, 2: None, 3: None, 4: None, 5: None, 6: None, 7: None}",morning,https://www.google.com/maps/place/?q=place_id:ChIJ0boMPw-rQjQROEEEn7xoG4M
ChIJP8D3xrWrQjQRDfV4gyYhJiw,四四南村：D棟,4.3,121.5617915,25.0311616,旅遊景點,"{1: None, 2: None, 3: None, 4: None, 5: None, 6: None, 7: None}",morning,https://www.google.com/maps/place/?q=place_id:ChIJP8D3xrWrQjQRDfV4gyYhJiw
ChIJPZna3xmvQjQRsgvfRdaooc4,關渡水岸腳踏車道,4.5,121.480027,25.113821,景點,"{1: None, 2: None, 3: None, 4: None, 5: None, 6: None, 7: None}",morning,https://www.google.com/maps/place/?q=place_id:ChIJPZna3xmvQjQRsgvfRdaooc4
ChIJsyDeSE6pQjQRPe07l5SEclo,花之隧道,4.0,121.5255085,25.0713729,旅遊景點,"{1: None, 2: None, 3: None, 4: None, 5: None, 6: None, 7: None}",morning,https://www.google.com/maps/place/?q=place_id:ChIJsyDeSE6pQjQRPe07l5SEclo
ChIJP8qMTompQjQREADUJ9rF62k,台電加羅林魚木,4.6,121.53173,25.0189591,景點,"{1: None, 2: None, 3: None, 4: None, 5: None, 6: None, 7: [{'start': '06:00', 'end': '23:00'}]}",morning,https://www.google.com/maps/place/?q=place_id:ChIJP8qMTompQjQREADUJ9rF62k
ChIJ7YNB7BtTXTQR53ka3M2-Zzw,五堵獅頭山,4.2,121.658008,25.082877,旅遊景點,"{1: None, 2: None, 3: None, 4: None, 5: None, 6: None, 7: None}",morning,https://www.google.com/maps/place/?q=place_id:ChIJ7YNB7BtTXTQR53ka3M2-Zzw
ChIJeQK2WsepQjQRdMkbhzWL1qM,二二八和平公園拱橋水池,4.6,121.5144157,25.0424655,旅遊景點,"{1: None, 2: None, 3: None, 4: None, 5: None, 6: None, 7: None}",morning,https://www.google.com/maps/place/?q=place_id:ChIJeQK2WsepQjQRdMkbhzWL1qM
ChIJhznY61kCaDQRkueGP5sq11g,南勢角山(烘爐地),4.4,121.495829,24.969195,景點,"{1: None, 2: None, 3: None, 4: None, 5: None, 6: None, 7: None}",morning,https://www.google.com/maps/place/?q=place_id:ChIJhznY61kCaDQRkueGP5sq11g
ChIJeyClNACrQjQRKOCjcGH9qes,藤原樹咖啡,5.0,121.5472125,25.0400545,旅遊景點,"{1: None, 2: None, 3: None, 4: None, 5: None, 6: None, 7: None}",morning,https://www.google.com/maps/place/?q=place_id:ChIJeyClNACrQjQRKOCjcGH9qes
ChIJy3qPoaupQjQRA1sisnBLf1k,昌中橋,4.8,121.4527389,25.0523977,旅遊景點,"{1: None, 2: None, 3: None, 4: None, 5: None, 6: None, 7: None}",morning,https://www.google.com/maps/place/?q=place_id:ChIJy3qPoaupQjQRA1sisnBLf1k
ChIJLXng-hFTXTQRhM5vKVxxVJU,小時候彈珠堂Pazua-汐止中興路店,5.0,121.6322877,25.0646876,旅遊景點,"{1: [{'start': '14:00', 'end': '00:00'}], 2: [{'start': '14:00', 'end': '00:00'}], 3: [{'start': '14:00', 'end': '00:00'}], 4: [{'start': '14:00', 'end': '00:00'}], 5: [{'start': '14:00', 'end': '00:00'}], 6: [{'start': '14:00', 'end': '00:00'}], 7: [{'start': '14:00', 'end': '00:00'}]}",morning,https://www.google.com/maps/place/?q=place_id:ChIJLXng-hFTXTQRhM5vKVxxVJU
ChIJX0vMNBSpQjQR7ufnOGeksxk,林五湖本館,4.3,121.5096442,25.0577955,旅遊景點,"{1: None, 2: None, 3: None, 4: None, 5: None, 6: [{'start': '14:00', 'end': '16:00'}], 7: None}",morning,https://www.google.com/maps/place/?q=place_id:ChIJX0vMNBSpQjQR7ufnOGeksxk
ChIJDetFtWulQjQRoOOdJXeMZVk,八里左岸地標 - 鏡收幸福,4.4,121.426985,25.1621091,景點,"{1: None, 2: None, 3: None, 4: None, 5: None, 6: None, 7: None}",afternoon,https://www.google.com/maps/place/?q=place_id:ChIJDetFtWulQjQRoOOdJXeMZVk
ChIJy_KwF-ytQjQR626nRVW_PEw,五指山同心亭,4.8,121.5997907,25.1146991,旅遊景點,"{1: None, 2: None, 3: None, 4: None, 5: None, 6: None, 7: None}",afternoon,https://www.google.com/maps/place/?q=place_id:ChIJy_KwF-ytQjQR626nRVW_PEw
ChIJQYsW8ZirQjQRgzW2uEkr6uY,拇指山,4.7,121.5843563,25.0205289,景點,"{1: None, 2: None, 3: None, 4: None, 5: None, 6: None, 7: None}",afternoon,https://www.google.com/maps/place/?q=place_id:ChIJQYsW8ZirQjQRgzW2uEkr6uY
ChIJbd3CcQADaDQRIOo-Yq48zhQ,圓通寺石壁佛像,4.5,121.4918774,24.9826495,景點,"{1: None, 2: None, 3: None, 4: None, 5: None, 6: None, 7: None}",afternoon,https://www.google.com/maps/place/?q=place_id:ChIJbd3CcQADaDQRIOo-Yq48zhQ
ChIJ_-MiheGrQjQRkVF2Sxr5Qp8,川泰企業社,4.3,121.5392626,25.0581457,旅遊景點,"{1: None, 2: None, 3: None, 4: None, 5: None, 6: None, 7: None}",afternoon,https://www.google.com/maps/place/?q=place_id:ChIJ_-MiheGrQjQRkVF2Sxr5Qp8
ChIJaQ8C06irQjQRvoQAGN9dOBA,象山捷運站步道,4.5,121.5771103,25.0318135,景點,"{1: None, 2: None, 3: None, 4: None, 5: None, 6: None, 7: None}",afternoon,https://www.google.com/maps/place/?q=place_id:ChIJaQ8C06irQjQRvoQAGN9dOBA
ChIJJ1M1aoKpQjQRlhUbt-wM1f0,永康商圈,4.2,121.5300045,25.0335158,旅遊景點,"{1: [{'start': '10:30', 'end': '21:30'}], 2: [{'start': '10:30', 'end': '21:30'}], 3: [{'start': '10:30', 'end': '21:30'}], 4: [{'start': '10:30', 'end': '21:30'}], 5: [{'start': '10:30', 'end': '21:30'}], 6: [{'start': '10:30', 'end': '21:30'}], 7: [{'start': '10:30', 'end': '21:30'}]}",afternoon,https://www.google.com/maps/place/?q=place_id:ChIJJ1M1aoKpQjQRlhUbt-wM1f0
ChIJV91wh2QcaDQR4H0xUIAKuaE,柑園花海,4.0,121.3938524,24.9525797,旅遊景點,"{1: None, 2: None, 3: None, 4: None, 5: None, 6: None, 7: None}",afternoon,https://www.google.com/maps/place/?q=place_id:ChIJV91wh2QcaDQR4H0xUIAKuaE
ChIJy3Db9wIDaDQRy0VqxExkfNo,Team SUZUKI 廠隊彩繪鐵門,5.0,121.522814,24.990274,旅遊景點,"{1: None, 2: None, 3: None, 4: None, 5: None, 6: None, 7: None}",afternoon,https://www.google.com/maps/place/?q=place_id:ChIJy3Db9wIDaDQRy0VqxExkfNo
ChIJ_3VUnGilQjQR7qp73ndM8Cg,八里左岸自行車道,4.3,121.4429224,25.1511404,旅遊景點,"{1: None, 2: None, 3: None, 4: None, 5: None, 6: None, 7: None}",afternoon,https://www.google.com/maps/place/?q=place_id:ChIJ_3VUnGilQjQR7qp73ndM8Cg
ChIJk-NOAuOsQjQRGJXfOw0AO-w,龍船岩,4.4,121.5969063,25.1004704,景點,"{1: None, 2: None, 3: None, 4: None, 5: None, 6: None, 7: None}",afternoon,https://www.google.com/maps/place/?q=place_id:ChIJk-NOAuOsQjQRGJXfOw0AO-w
ChIJF5WVHo4daDQRBSJdUP_GaN0,樹林觀景平台,4.1,121.380308,24.983779,旅遊景點,"{1: None, 2: None, 3: None, 4: None, 5: None, 6: None, 7: None}",afternoon,https://www.google.com/maps/place/?q=place_id:ChIJF5WVHo4daDQRBSJdUP_GaN0
ChIJAQAAABCwQjQRLbiMeGSYq48,滬尾櫻花大道,4.1,121.4614243,25.1688484,景點,"{1: None, 2: None, 3: None, 4: None, 5: None, 6: None, 7: None}",afternoon,https://www.google.com/maps/place/?q=place_id:ChIJAQAAABCwQjQRLbiMeGSYq48
ChIJa6WSV9NVXTQR2udmGdzYeq8,石碇東街,4.3,121.660514,24.9908925,旅遊景點,"{1: None, 2: None, 3: None, 4: None, 5: None, 6: None, 7: None}",afternoon,https://www.google.com/maps/place/?q=place_id:ChIJa6WSV9NVXTQR2udmGdzYeq8
ChIJ3c8czAivQjQRGYJgbnE24DE,貴子坑休息平台,4.0,121.4910178,25.1567422,景點,"{1: None, 2: None, 3: None, 4: None, 5: None, 6: None, 7: None}",afternoon,https://www.google.com/maps/place/?q=place_id:ChIJ3c8czAivQjQRGYJgbnE24DE
ChIJCbnowq2uQjQRE9jG5Eg2UHU,圓山風景區,4.4,121.5271381,25.0821069,景點,"{1: None, 2: None, 3: None, 4: None, 5: None, 6: None, 7: None}",afternoon,https://www.google.com/maps/place/?q=place_id:ChIJCbnowq2uQjQRE9jG5Eg2UHU
ChIJqQVQj3OzQjQRebnzfHSUS2I,下七股溫泉入口,4.3,121.5803849,25.1801618,景點,"{1: None, 2: None, 3: None, 4: None, 5: None, 6: None, 7: None}",afternoon,https://www.google.com/maps/place/?q=place_id:ChIJqQVQj3OzQjQRebnzfHSUS2I
ChIJabgsIBmnQjQRFiufsTguq08,永亮農場,5.0,121.3922303,25.0898518,旅遊景點,"{1: None, 2: None, 3: None, 4: None, 5: None, 6: None, 7: None}",afternoon,https://www.google.com/maps/place/?q=place_id:ChIJabgsIBmnQjQRFiufsTguq08
ChIJY3DOcAAdaDQReR0hGBzsya8,米蘭之馬,5.0,121.422531,24.992251,旅遊景點,"{1: None, 2: None, 3: None, 4: None, 5: None, 6: None, 7: None}",afternoon,https://www.google.com/maps/place/?q=place_id:ChIJY3DOcAAdaDQReR0hGBzsya8
ChIJX4p1nxapQjQRcBQC1AyHNS4,大稻埕碼頭 淡五號水門,4.4,121.5081382,25.0568857,景點,"{1: None, 2: None, 3: None, 4: None, 5: None, 6: None, 7: None}",afternoon,https://www.google.com/maps/place/?q=place_id:ChIJX4p1nxapQjQRcBQC1AyHNS4
ChIJ16bxoNIBaDQR83Ty5PeQW5w,樟湖自然休閒農園,4.1,121.5804335,24.9702441,景點,"{1: [{'start': '08:00', 'end': '17:00'}], 2: [{'start': '08:00', 'end': '17:00'}], 3: [{'start': '08:00', 'end': '17:00'}], 4: [{'start': '08:00', 'end': '17:00'}], 5: None, 6: [{'start': '14:00', 'end': '18:00'}], 7: [{'start': '14:00', 'end': '18:00'}]}",afternoon,https://www.google.com/maps/place/?q=place_id:ChIJ16bxoNIBaDQR83Ty5PeQW5w
ChIJm19mPzusQjQR2TNzlbz71lQ,國立故宮博物院北部院區天下為公牌樓,4.7,121.5495937,25.1001511,旅遊景點,"{1: None, 2: [{'start': '09:00', 'end': '17:00'}], 3: [{'start': '09:00', 'end': '17:00'}], 4: [{'start': '09:00', 'end': '17:00'}], 5: [{'start': '09:00', 'end': '17:00'}], 6: [{'start': '09:00', 'end': '17:00'}], 7: [{'start': '09:00', 'end': '17:00'}]}",afternoon,https://www.google.com/maps/place/?q=place_id:ChIJm19mPzusQjQR2TNzlbz71lQ
ChIJifKPogKoQjQRYANu4H67znk,方鑑齋,4.5,121.455635,25.0100864,景點,"{1: [{'start': '09:00', 'end': '17:00'}], 2: [{'start': '09:00', 'end': '17:00'}], 3: [{'start': '09:00', 'end': '17:00'}], 4: [{'start': '09:00', 'end': '17:00'}], 5: [{'start': '09:00', 'end': '17:00'}], 6: [{'start': '09:00', 'end': '17:00'}], 7: [{'start': '09:00', 'end': '17:00'}]}",afternoon,https://www.google.com/maps/place/?q=place_id:ChIJifKPogKoQjQRYANu4H67znk
ChIJ-1r44AmpQjQRZQ2mL_DYV9s,西本願寺鐘樓,4.3,121.5071588,25.0400153,旅遊景點,"{1: None, 2: None, 3: None, 4: None, 5: None, 6: None, 7: None}",afternoon,https://www.google.com/maps/place/?q=place_id:ChIJ-1r44AmpQjQRZQ2mL_DYV9s
ChIJ1TXpWMICaDQRwDyaYsuHArs,手信坊創意和菓子文化館,4.1,121.466777,24.9780041,旅遊景點,"{1: [{'start': '08:30', 'end': '17:30'}], 2: [{'start': '08:30', 'end': '17:30'}], 3: [{'start': '08:30', 'end': '17:30'}], 4: [{'start': '08:30', 'end': '17:30'}], 5: [{'start': '08:30', 'end': '17:30'}], 6: [{'start': '08:30', 'end': '17:30'}], 7: [{'start': '08:30', 'end': '17:30'}]}",afternoon,https://www.google.com/maps/place/?q=place_id:ChIJ1TXpWMICaDQRwDyaYsuHArs
ChIJP5wneQ-rQjQRNs3YMNEo2LI,黃蟬園,4.1,121.591042,25.031068,旅遊景點,"{1: [{'start': '08:00', 'end': '17:00'}], 2: [{'start': '08:00', 'end': '17:00'}], 3: [{'start': '08:00', 'end': '17:00'}], 4: [{'start': '08:00', 'end': '17:00'}], 5: [{'start': '08:00', 'end': '17:00'}], 6: [{'start': '08:00', 'end': '17:00'}], 7: [{'start': '08:00', 'end': '17:00'}]}",afternoon,https://www.google.com/maps/place/?q=place_id:ChIJP5wneQ-rQjQRNs3YMNEo2LI
ChIJqUVI3KupQjQRispOGnEwxQA,華山文創園區東2B館,4.7,121.5298225,25.0447612,旅遊景點,"{1: None, 2: None, 3: None, 4: None, 5: None, 6: None, 7: None}",afternoon,https://www.google.com/maps/place/?q=place_id:ChIJqUVI3KupQjQRispOGnEwxQA
ChIJ7yR7YT-qQjQR65dWFERy8Jo,中埔山登山步道口,4.4,121.5596153,25.0099427,景點,"{1: None, 2: None, 3: None, 4: None, 5: None, 6: None, 7: None}",afternoon,https://www.google.com/maps/place/?q=place_id:ChIJ7yR7YT-qQjQR65dWFERy8Jo
ChIJGzheaRmpQjQRs36bprdNzOk,冷氣室外機奇觀,4.6,121.5198363,25.0578731,旅遊景點,"{1: None, 2: None, 3: None, 4: None, 5: None, 6: None, 7: None}",afternoon,https://www.google.com/maps/place/?q=place_id:ChIJGzheaRmpQjQRs36bprdNzOk
ChIJaTV3bE0DaDQRzDN7jvCVZAI,承天寺夜景區,4.4,121.4477933,24.9495095,景點,"{1: None, 2: None, 3: None, 4: None, 5: None, 6: None, 7: None}",afternoon,https://www.google.com/maps/place/?q=place_id:ChIJaTV3bE0DaDQRzDN7jvCVZAI
ChIJHY7Q3j-vQjQRQcbPCsJ0AYE,四不猿星光景觀噴水池,5.0,121.4784722,25.1369196,旅遊景點,"{1: None, 2: None, 3: None, 4: None, 5: None, 6: None, 7: None}",night,https://www.google.com/maps/place/?q=place_id:ChIJHY7Q3j-vQjQRQcbPCsJ0AYE
ChIJpSM4naCzQjQRVoXYDZKHOm8,小油坑觀景台(陽金公路),4.6,121.548987,25.1804149,景點,"{1: None, 2: None, 3: None, 4: None, 5: None, 6: None, 7: None}",night,https://www.google.com/maps/place/?q=place_id:ChIJpSM4naCzQjQRVoXYDZKHOm8
ChIJAQtRHf-tQjQRLuKtIx91nh0,小隱潭瀑布,4.3,121.540597,25.1566331,景點,"{1: None, 2: None, 3: None, 4: None, 5: None, 6: None, 7: None}",night,https://www.google.com/maps/place/?q=place_id:ChIJAQtRHf-tQjQRLuKtIx91nh0
ChIJb5z4fZCzQjQRJJFhKxMDZnk,午後陽光繡球花田,4.3,121.5392415,25.1721859,旅遊景點,"{1: None, 2: None, 3: None, 4: None, 5: None, 6: None, 7: None}",night,https://www.google.com/maps/place/?q=place_id:ChIJb5z4fZCzQjQRJJFhKxMDZnk
ChIJvzLzrT2vQjQRC3wVYWmGb_s,社子島,4.0,121.4763551,25.1083366,旅遊景點,"{1: None, 2: None, 3: None, 4: None, 5: None, 6: None, 7: None}",night,https://www.google.com/maps/place/?q=place_id:ChIJvzLzrT2vQjQRC3wVYWmGb_s
ChIJ25JqpD9TXTQRul62_t4GJYc,水尾灣園區,4.1,121.6487252,25.0718097,旅遊景點,"{1: None, 2: None, 3: None, 4: None, 5: None, 6: None, 7: None}",night,https://www.google.com/maps/place/?q=place_id:ChIJ25JqpD9TXTQRul62_t4GJYc
ChIJy7ymYyazQjQR6h0kREu2u3E,北五指山草原,4.7,121.5890961,25.153004,景點,"{1: None, 2: None, 3: None, 4: None, 5: None, 6: None, 7: None}",night,https://www.google.com/maps/place/?q=place_id:ChIJy7ymYyazQjQR6h0kREu2u3E
ChIJh3VGusixQjQRgbPIAti1Imw,巨石花園,4.1,121.5017811,25.1851111,旅遊景點,"{1: None, 2: None, 3: None, 4: None, 5: None, 6: None, 7: None}",night,https://www.google.com/maps/place/?q=place_id:ChIJh3VGusixQjQRgbPIAti1Imw
ChIJh-tThh8BaDQRuvsMP69ORB8,老泉街觀景台,4.3,121.5779435,24.9703785,景點,"{1: None, 2: None, 3: None, 4: None, 5: None, 6: None, 7: None}",night,https://www.google.com/maps/place/?q=place_id:ChIJh-tThh8BaDQRuvsMP69ORB8
ChIJ4XAnBQClQjQRnrD1S_IN51I,八里挖子尾沙灘地(觀海口),4.1,121.414601,25.170201,旅遊景點,"{1: None, 2: None, 3: None, 4: None, 5: None, 6: None, 7: None}",night,https://www.google.com/maps/place/?q=place_id:ChIJ4XAnBQClQjQRnrD1S_IN51I
ChIJhbgRciqtQjQR2hP4qp2DCxU,楓林橋戲水區,4.2,121.5827986,25.1190081,景點,"{1: None, 2: None, 3: None, 4: None, 5: None, 6: None, 7: None}",night,https://www.google.com/maps/place/?q=place_id:ChIJhbgRciqtQjQR2hP4qp2DCxU
ChIJzx1kCQOqQjQRGZKfp4BTo5Y,臺北市文山區萬有里辦公處活動場所,5.0,121.543933,24.9992076,旅遊景點,"{1: [{'start': '09:00', 'end': '21:00'}], 2: [{'start': '09:00', 'end': '21:00'}], 3: [{'start': '09:00', 'end': '21:00'}], 4: [{'start': '09:00', 'end': '21:00'}], 5: [{'start': '09:00', 'end': '21:00'}], 6: None, 7: None}",night,https://www.google.com/maps/place/?q=place_id:ChIJzx1kCQOqQjQRGZKfp4BTo5Y
ChIJC-2u2UKsQjQRbShRIGFWdCo,金面山大岩壁,4.7,121.570442,25.0916175,景點,"{1: None, 2: None, 3: None, 4: None, 5: None, 6: None, 7: None}",night,https://www.google.com/maps/place/?q=place_id:ChIJC-2u2UKsQjQRbShRIGFWdCo
ChIJxebMlZ6uQjQRI_zhHyasxK4,芝山岩遺址,4.2,121.5328903,25.1016846,旅遊景點,"{1: None, 2: None, 3: None, 4: None, 5: None, 6: None, 7: None}",night,https://www.google.com/maps/place/?q=place_id:ChIJxebMlZ6uQjQRI_zhHyasxK4
ChIJZYQbi3YdaDQR5u0uIjqjF7Q,山佳街彩繪巷,4.5,121.3936978,24.9728654,旅遊景點,"{1: None, 2: None, 3: None, 4: None, 5: None, 6: None, 7: None}",night,https://www.google.com/maps/place/?q=place_id:ChIJZYQbi3YdaDQR5u0uIjqjF7Q
ChIJz47O-6irQjQRQVdMJZmX3EE,豹山溪,4.3,121.5810154,25.0310072,旅遊景點,"{1: None, 2: None, 3: None, 4: None, 5: None, 6: None, 7: None}",night,https://www.google.com/maps/place/?q=place_id:ChIJz47O-6irQjQRQVdMJZmX3EE
ChIJ23q-oy-vQjQRHi-_v5vUkxo,丹鳳石,4.3,121.5082293,25.1319765,旅遊景點,"{1: None, 2: None, 3: None, 4: None, 5: None, 6: None, 7: None}",night,https://www.google.com/maps/place/?q=place_id:ChIJ23q-oy-vQjQRHi-_v5vUkxo
ChIJ6b83Xr6lQjQROIgZINymmD0,林梢步道,4.4,121.4199899,25.1281501,旅遊景點,"{1: None, 2: None, 3: None, 4: None, 5: None, 6: None, 7: None}",night,https://www.google.com/maps/place/?q=place_id:ChIJ6b83Xr6lQjQROIgZINymmD0
ChIJq-4mNnSpQjQRTwjTniSVi5w,鄰聖苑,4.5,121.5156114,25.0726743,旅遊景點,"{1: [{'start': '05:30', 'end': '13:00'}, {'start': '17:00', 'end': '19:00'}], 2: [{'start': '05:30', 'end': '13:00'}, {'start': '17:00', 'end': '19:00'}], 3: [{'start': '05:30', 'end': '13:00'}, {'start': '17:00', 'end': '19:00'}], 4: [{'start': '05:30', 'end': '13:00'}, {'start': '17:00', 'end': '19:00'}], 5: [{'start': '05:30', 'end': '13:00'}, {'start': '17:00', 'end': '19:00'}], 6: [{'start': '05:30', 'end': '13:00'}, {'start': '17:00', 'end': '19:00'}], 7: [{'start': '05:30', 'end': '13:00'}, {'start': '17:00', 'end': '19:00'}]}",night,https://www.google.com/maps/place/?q=place_id:ChIJq-4mNnSpQjQRTwjTniSVi5w
ChIJc8RZvqqtQjQRixKfBZS6_i0,風動石,4.2,121.5414433,25.1517078,旅遊景點,"{1: None, 2: None, 3: None, 4: None, 5: None, 6: None, 7: None}",night,https://www.google.com/maps/place/?q=place_id:ChIJc8RZvqqtQjQRixKfBZS6_i0
ChIJBdYU-YcBaDQRh__CBS7a1Qs,鵲橋 - 碧潭休閒步道,4.3,121.5371893,24.9580187,旅遊景點,"{1: None, 2: None, 3: None, 4: None, 5: None, 6: None, 7: None}",night,https://www.google.com/maps/place/?q=place_id:ChIJBdYU-YcBaDQRh__CBS7a1Qs
ChIJX8llxdKvQjQR_gPgTtkAr28,貴子坑親山步道口,4.1,121.4938324,25.1518972,景點,"{1: None, 2: None, 3: None, 4: None, 5: None, 6: None, 7: None}",night,https://www.google.com/maps/place/?q=place_id:ChIJX8llxdKvQjQR_gPgTtkAr28
ChIJ7z7l6NupQjQRjxw_9j6fOuM,植物園小池塘,4.4,121.5113807,25.0320708,旅遊景點,"{1: [{'start': '08:00', 'end': '17:00'}], 2: [{'start': '08:00', 'end': '17:00'}], 3: [{'start': '08:00', 'end': '17:00'}], 4: [{'start': '08:00', 'end': '17:00'}], 5: [{'start': '08:00', 'end': '17:00'}], 6: [{'start': '08:00', 'end': '17:00'}], 7: [{'start': '08:00', 'end': '17:00'}]}",night,https://www.google.com/maps/place/?q=place_id:ChIJ7z7l6NupQjQRjxw_9j6fOuM
ChIJd96uE7yvQjQRdOMcSzgzZmE,汽機車扭力測試坡,5.0,121.4615795,25.1316687,旅遊景點,"{1: None, 2: None, 3: None, 4: None, 5: None, 6: None, 7: None}",night,https://www.google.com/maps/place/?q=place_id:ChIJd96uE7yvQjQRdOMcSzgzZmE
ChIJ25iV4UFVXTQRIq4XoUu06Ko,西帽子岩,4.2,121.6444749,24.9820131,景點,"{1: None, 2: None, 3: None, 4: None, 5: None, 6: None, 7: None}",night,https://www.google.com/maps/place/?q=place_id:ChIJ25iV4UFVXTQRIq4XoUu06Ko
ChIJ1bCLbDytQjQRSBujnPKIZBw,劍南山秘境,4.1,121.5503992,25.0917975,旅遊景點,"{1: None, 2: None, 3: None, 4: None, 5: None, 6: None, 7: None}",night,https://www.google.com/maps/place/?q=place_id:ChIJ1bCLbDytQjQRSBujnPKIZBw
ChIJ9dYRcxSpQjQRnBtsrmbmzjo,Dadocheng Square永樂市場,4.4,121.5101006,25.0549816,旅遊景點,"{1: None, 2: None, 3: None, 4: None, 5: None, 6: None, 7: None}",night,https://www.google.com/maps/place/?q=place_id:ChIJ9dYRcxSpQjQRnBtsrmbmzjo
ChIJdzh9H1GlQjQR_MyByBscV6U,淡水金色水岸,4.4,121.4414592,25.1689094,景點,"{1: None, 2: None, 3: None, 4: None, 5: None, 6: None, 7: None}",night,https://www.google.com/maps/place/?q=place_id:ChIJdzh9H1GlQjQR_MyByBscV6U
ChIJk6xRUwCpQjQRs93EnOZibXI,華山文創園區東2A館,4.0,121.5299051,25.0446049,旅遊景點,"{1: None, 2: None, 3: None, 4: None, 5: None, 6: None, 7: None}",night,https://www.google.com/maps/place/?q=place_id:ChIJk6xRUwCpQjQRs93EnOZibXI
ChIJ3-y6t3ZNXTQRYdke3g0JYEo,那米哥莊園,4.7,121.6627181,25.1637445,旅遊景點,"{1: None, 2: None, 3: None, 4: None, 5: None, 6: None, 7: None}",night,https://www.google.com/maps/place/?q=place_id:ChIJ3-y6t3ZNXTQRYdke3g0JYEo
